variable,n,moran_i,expected_i,p_sim,z_sim
morphology_composite_index_exact,12236,0.8831098201082517,-8.173273395995096e-05,0.001,172.3785491215932
household_pet_care_signal,12236,0.8731968304797001,-8.173273395995096e-05,0.001,171.05771498428146
serviceability_core_index,12236,0.8429816300646383,-8.173273395995096e-05,0.001,167.11871468119338
pet_medical_within_1000m,12236,0.6052254945076759,-8.173273395995096e-05,0.001,122.41140546524632
latent_high_demand_no_supply,12236,0.3634046386289855,-8.173273395995096e-05,0.001,71.1915881981254
